Workbook

Sheet نظرة عامة
B2: نموذج ميزانية وجدول Webflow
B3: نموذج تخطيطي قابل للتعديل بالريال السعودي. عدل الأسعار والساعات والتكاليف الخارجية في ورقة الافتراضات؛ يعاد حساب النموذج عند فتحه في Excel.
B5: ملخص تنفيذي
B6: المؤشر | C6: القيمة المحسوبة | D6: الوحدة
B7: تكلفة العمل الأساسية | C7: ='تفاصيل الميزانية'!G30 | D7: SAR
B8: التكاليف الخارجية المدخلة | C8: ='تفاصيل الميزانية'!G31 | D8: SAR
B9: احتياطي المخاطر | C9: ='تفاصيل الميزانية'!G32 | D9: SAR
B10: الإجمالي التقديري قبل الضريبة | C10: ='تفاصيل الميزانية'!G33 | D10: SAR
B11: مدة التنفيذ | C11: ='الجدول الزمني'!D14 | D11: يوم عمل
B12: المدة بالأسابيع | C12: ='الجدول الزمني'!D15 | D12: أسبوع
B15: سيناريوهات التخطيط
B16: السيناريو | C16: معامل التكلفة | D16: معامل المدة | E16: تكلفة مقدرة | F16: أيام عمل | G16: ملاحظة
B17: مقتصد | C17: 0.85 | D17: 0.9 | E17: =C17*$C$10 | F17: =D17*$C$11 | G17: نطاق ثابت ومحتوى جاهز
B18: أساسي | C18: 1 | D18: 1 | E18: =C18*$C$10 | F18: =D18*$C$11 | G18: الافتراضات الحالية
B19: موسع | C19: 1.2 | D19: 1.2 | E19: =C19*$C$10 | F19: =D19*$C$11 | G19: دورات مراجعة أو تكامل أعلى
B22: روابط الأوراق
B23: الافتراضات
B24: تفاصيل الميزانية
B25: الجدول الزمني
B26: المخاطر
B29: تنبيه: النموذج تقديري للتخطيط. لا يشمل ضريبة القيمة المضافة أو رسوم الموردين غير المدخلة. اعتمد أسعار الساعة وتكاليف Webflow وCRM والأصول من عروض موثقة قبل الالتزام المالي.

Sheet الافتراضات
B2: افتراضات نموذج Webflow
B3: الخلايا الصفراء قابلة للتعديل. القيم الافتراضية تخطيطية وليست عرض سعر من مورد.
B5: فئة الفرضية | C5: القيمة | D5: الوحدة | E5: ملاحظات
B6: مدير المنتج / المشروع | C6: 120 | D6: SAR/ساعة | E6: سعر تخطيطي قابل للتعديل
B7: مصمم تجربة وواجهة | C7: 115 | D7: SAR/ساعة | E7: سعر تخطيطي قابل للتعديل
B8: مطور Webflow | C8: 110 | D8: SAR/ساعة | E8: سعر تخطيطي قابل للتعديل
B9: كاتب محتوى | C9: 80 | D9: SAR/ساعة | E9: سعر تخطيطي قابل للتعديل
B10: ضمان الجودة | C10: 85 | D10: SAR/ساعة | E10: سعر تخطيطي قابل للتعديل
B11: مهندس تكامل | C11: 120 | D11: SAR/ساعة | E11: سعر تخطيطي قابل للتعديل
B12: مختص SEO وقياس | C12: 90 | D12: SAR/ساعة | E12: سعر تخطيطي قابل للتعديل
B13: احتياطي مخاطر | C13: 0.12 | D13: نسبة | E13: يطبق على الإجمالي قبل الضريبة
B14: يوم العمل | C14: 8 | D14: ساعة | E14: لاحتساب الطاقة والمدة
B15: أسبوع العمل | C15: 5 | D15: يوم | E15: لاحتساب الأسابيع
B16: احتياطي مراجعة الإدارة | C16: 4 | D16: يوم عمل | E16: يضاف للمدة الأساسية
B17: اشتراك Webflow / استضافة | C17: 0 | D17: SAR | E17: أدخل عرض المورد أو التكلفة المعتمدة
... B19: CRM أو تحليلات خارجية | C19: 0 | D19: SAR | E19: أدخل التكلفة الفعلية إن استخدمت

Sheet تفاصيل الميزانية
B2: تفاصيل ميزانية تنفيذ Webflow
B3: يعتمد النموذج على ساعات العمل وسعر الساعة من ورقة الافتراضات. التكلفة الإجمالية تتغير عند تعديل ساعات العمل أو الأسعار أو الاحتياطي.
B5: المرحلة | C5: حزمة العمل | D5: الدور | E5: سعر الساعة | F5: الساعات | G5: تكلفة العمل | H5: تكلفة معدلة | I5: ملاحظة
B6: 1. الحوكمة والنطاق | C6: نطاق، ملاك محتوى، سياسة نشر | D6: مدير المنتج / المشروع | E6: =الافتراضات!$C$6 | F6: 16 | G6: =E6*F6 | H6: =G6 | I6: اعتماد حدود Webflow والتطبيق
B7: 1. الحوكمة والنطاق | C7: نطاق، ملاك محتوى، سياسة نشر | D7: مصمم تجربة وواجهة | E7: =الافتراضات!$C$7 | F7: 8 | G7: =E7*F7 | H7: =G7 | I7: مراجعة الاتجاه والهوية
B8: 1. الحوكمة والنطاق | C8: نطاق، ملاك محتوى، سياسة نشر | D8: مطور Webflow | E8: =الافتراضات!$C$8 | F8: 4 | G8: =E8*F8 | H8: =G8 | I8: تقدير هيكل التنفيذ
B9: 2. نظام التصميم | C9: Variables ومكونات RTL وإتاحة | D9: مصمم تجربة وواجهة | E9: =الافتراضات!$C$7 | F9: 24 | G9: =E9*F9 | H9: =G9 | I9: مكونات قابلة لإعادة الاستخدام
B10: 2. نظام التصميم | C10: Variables ومكونات RTL وإتاحة | D10: مطور Webflow | E10: =الافتراضات!$C$8 | F10: 16 | G10: =E10*F10 | H10: =G10 | I10: إنشاء المكونات والأنماط
B11: 2. نظام التصميم | C11: Variables ومكونات RTL وإتاحة | D11: مدير المنتج / المشروع | E11: =الافتراضات!$C$6 | F11: 8 | G11: =E11*F11 | H11: =G11 | I11: مراجعة معايير القبول
B12: 3. الصفحات الأساسية | C12: الرئيسية والمنصة والحلول والميزات | D12: مصمم تجربة وواجهة | E12: =الافتراضات!$C$7 | F12: 32 | G12: =E12*F12 | H12: =G12 | I12: تصميم الصفحات ومسارات CTA
B13: 3. الصفحات الأساسية | C13: الرئيسية والمنصة والحلول والميزات | D13: مطور Webflow | E13: =الافتراضات!$C$8 | F13: 48 | G13: =E13*F13 | H13: =G13 | I13: بناء الصفحات المتجاوبة
B14: 3. الصفحات الأساسية | C14: الرئيسية والمنصة والحلول والميزات | D14: كاتب محتوى | E14: =الافتراضات!$C$9 | F14: 24 | G14: =E14*F14 | H14: =G14 | I14: نسخ عربي وتسميات
B15: 3. الصفحات الأساسية | C15: الرئيسية والمنصة والحلول والميزات | D15: ضمان الجودة | E15: =الافتراضات!$C$10 | F15: 8 | G15: =E15*F15 | H15: =G15 | I15: فحص الهاتف والتنقل
B16: 3. الصفحات الأساسية | C16: الرئيسية والمنصة والحلول والميزات | D16: مدير المنتج / المشروع | E16: =الافتراضات!$C$6 | F16: 16 | G16: =E16*F16 | H16: =G16 | I16: توجيه ومراجعة
B17: 4. CMS والمحتوى | C17: مجموعات وقوالب محتوى | D17: مطور Webflow | E17: =الافتراضات!$C$8 | F17: 24 | G17: =E17*F17 | H17: =G17 | I17: إنشاء CMS والقوالب
B18: 4. CMS والمحتوى | C18: مجموعات وقوالب محتوى | D18: كاتب محتوى | E18: =الافتراضات!$C$9 | F18: 32 | G18: =E18*F18 | H18: =G18 | I18: إعداد المحتوى الأولي
B19: 4. CMS والمحتوى | C19: مجموعات وقوالب محتوى | D19: ضمان الجودة | E19: =الافتراضات!$C$10 | F19: 12 | G19: =E19*F19 | H19: =G19 | I19: اختبار القوالب والتحرير
B20: 4. CMS والمحتوى | C20: مجموعات وقوالب محتوى | D20: مدير المنتج / المشروع | E20: =الافتراضات!$C$6 | F20: 8 | G20: =E20*F20 | H20: =G20 | I20: حوكمة المحتوى
B21: 5. التحويل والتكامل | C21: نموذج طلب العرض وتدفق CRM اختياري | D21: مطور Webflow | E21: =الافتراضات!$C$8 | F21: 20 | G21: =E21*F21 | H21: =G21 | I21: نموذج وتحويلات
B22: 5. التحويل والتكامل | C22: نموذج طلب العرض وتدفق CRM اختياري | D22: مهندس تكامل | E22: =الافتراضات!$C$11 | F22: 16 | G22: =E22*F22 | H22: =G22 | I22: Webhook أو CRM بعد الاعتماد
B23: 5. التحويل والتكامل | C23: نموذج طلب العرض وتدفق CRM اختياري | D23: ضمان الجودة | E23: =الافتراضات!$C$10 | F23: 8 | G23: =E23*F23 | H23: =G23 | I23: اختبارات الإرسال والأخطاء
B24: 5. التحويل والتكامل | C24: نموذج طلب العرض وتدفق CRM اختياري | D24: مدير المنتج / المشروع | E24: =الافتراضات!$C$6 | F24: 8 | G24: =E24*F24 | H24: =G24 | I24: اعتماد الحقول والخصوصية
B25: 6. SEO والجودة والإطلاق | C25: SEO، قياس، قبول، إطلاق | D25: مختص SEO وقياس | E25: =الافتراضات!$C$12 | F25: 16 | G25: =E25*F25 | H25: =G25 | I25: عناوين ووصف وأحداث
B26: 6. SEO والجودة والإطلاق | C26: SEO، قياس، قبول، إطلاق | D26: مطور Webflow | E26: =الافتراضات!$C$8 | F26: 12 | G26: =E26*F26 | H26: =G26 | I26: تحسينات ونشر
B27: 6. SEO والجودة والإطلاق | C27: SEO، قياس، قبول، إطلاق | D27: ضمان الجودة | E27: =الافتراضات!$C$10 | F27: 20 | G27: =E27*F27 | H27: =G27 | I27: قبول صفحات ونماذج
B28: 6. SEO والجودة والإطلاق | C28: SEO، قياس، قبول، إطلاق | D28: مدير المنتج / المشروع | E28: =الافتراضات!$C$6 | F28: 8 | G28: =E28*F28 | H28: =G28 | I28: بوابة الإطلاق
B30: إجمالي تكلفة العمل | G30: =SUM(G6:G28)
B31: تكاليف خارجية قابلة للإدخال | G31: =SUM(الافتراضات!C17:C19)
B32: احتياطي المخاطر | G32: =(G30+G31)*الافتراضات!C13
B33: الإجمالي التقديري قبل الضريبة | G33: =SUM(G30:G32)
B36: ملخص تكلفة العمل حسب المرحلة
B37: المرحلة | C37: التكلفة
B38: 1. الحوكمة والنطاق | C38: =SUMIF(B6:B28,B38,G6:G28)
B39: 2. نظام التصميم | C39: =SUMIF(B6:B28,B39,G6:G28)
B40: 3. الصفحات الأساسية | C40: =SUMIF(B6:B28,B40,G6:G28)
B41: 4. CMS والمحتوى | C41: =SUMIF(B6:B28,B41,G6:G28)
B42: 5. التحويل والتكامل | C42: =SUMIF(B6:B28,B42,G6:G28)
B43: 6. SEO والجودة والإطلاق | C43: =SUMIF(B6:B28,B43,G6:G28)

Sheet الجدول الزمني
B2: الجدول الزمني التقديري لتنفيذ Webflow
B3: المدة باليوم التشغيلي. لا تبدأ أي تكاملات خارجية قبل اعتماد المزوّد والحقول وسياسة الخصوصية.
B5: المرحلة | C5: المخرج | D5: المدة (أيام عمل) | E5: البداية | F5: النهاية | G5: الاعتمادية | H5: بوابة القبول
B6: 1. الحوكمة والنطاق | C6: خريطة نطاق ومالك محتوى وسياسة نشر | D6: 3 | E6: =DATE(2026,1,1) | F6: =E6+D6-1 | G6: بداية البرنامج | H6: فصل Webflow عن التطبيق الداخلي
B7: 2. نظام التصميم | C7: مكونات RTL ومتغيرات وإتاحة | D7: 5 | E7: =F6+1 | F7: =E7+D7-1 | G7: اعتماد النطاق | H7: تباين وتركيز وحركة مختزلة
B8: 3. الصفحات الأساسية | C8: الرئيسية والمنصة والحلول والميزات | D8: 7 | E8: =F7+1 | F8: =E8+D8-1 | G8: نظام التصميم | H8: CTA ومسارات الهاتف صحيحة
B9: 4. CMS والمحتوى | C9: مجموعات CMS وقوالب تحرير | D9: 4 | E9: =F8+1 | F9: =E9+D9-1 | G9: الصفحات الأساسية | H9: مالك وتاريخ مراجعة لكل عنصر
B10: 5. التحويل والتكامل | C10: نموذج طلب العرض وتدفق CRM اختياري | D10: 4 | E10: =F9+1 | F10: =E10+D10-1 | G10: سياسة الخصوصية وتحديد CRM | H10: لا مفاتيح في الواجهة
B11: 6. SEO والجودة والإطلاق | C11: SEO وقياس وقبول ونشر | D11: 3 | E11: =F10+1 | F11: =E11+D11-1 | G11: اكتمال الصفحات والنموذج | H11: لا عوائق حرجة
B12: مراجعة الإدارة | C12: مراجعات محتوى وقرار نشر | D12: =الافتراضات!C16 | E12: =F11+1 | F12: =E12+D12-1 | G12: إتمام العمل | H12: محضر قرار النشر
B14: إجمالي مدة التنفيذ | D14: =SUM(D6:D12)
B15: الأسابيع التقديرية | D15: =D14/الافتراضات!C15

Sheet المخاطر
B2: مخاطر الميزانية والجدول الزمني
B3: يسجل هذا السجل ما قد يغير التكلفة أو المدة؛ يُحدّث في مراجعة أسبوعية.
B5: الخطر | C5: الاحتمال | D5: الأثر | E5: الأولوية | F5: التحكم | G5: المالك | H5: مؤشر الإنذار
B6: توسع نطاق الصفحات أو المحتوى بعد اعتماد التصميم | C6: متوسط | D6: مرتفع | E6: P1 | F6: سجل تغيير وموافقة مالك المنتج قبل البدء | G6: مالك المنتج | H6: طلبات إضافية بلا نطاق أو تقدير
B7: تأخر اعتماد المحتوى أو الملاك | C7: مرتفع | D7: متوسط | E7: P1 | F7: مالك وتاريخ مراجعة لكل عنصر CMS | G7: التسويق | H7: عنصر محتوى بلا مراجع
B8: تأخر اختيار CRM أو تكامل خارجي | C8: متوسط | D8: مرتفع | E8: P1 | F8: فصل مسار النموذج عن التكامل الخارجي | G8: مالك القرار | H8: مزوّد أو حقول غير معتمدة
B9: تكلفة مزود أو أصل مرخص غير محسوبة | C9: متوسط | D9: متوسط | E9: P2 | F9: إدخال عروض الموردين في الافتراضات قبل الالتزام | G9: المالية/التسويق | H9: تكلفة خارجية = صفر مع حاجة مثبتة
B10: تراجع جودة RTL أو الإتاحة مع تسارع النشر | C10: منخفض | D10: مرتفع | E10: P2 | F10: بوابة جودة للهاتف والتركيز والنموذج | G10: الجودة | H10: فشل اختبار تنقل أو تباين
